State,school,Student Enrollment,Violent Crime,Murder and Nonnegligent Manslaughter,Rape,Robbery,Aggravated Assault,Property Crime,Burglary,Larceny-Theft,Motor Vehicle Theft,Arson
AL,alabama a&m university,"6,681",4.0,0.0,1.0,0.0,3.0,71,21.0,50.0,0.0,0.0
AL,auburn university montgomery,"6,309",0.0,0.0,0.0,0.0,0.0,37,13.0,22.0,2.0,0.0
AL,jacksonville state university,"11,032",5.0,0.0,2.0,0.0,3.0,54,16.0,36.0,2.0,0.0
AL,lurleen b wallace community college,"2,419",1.0,0.0,0.0,1.0,0.0,0,0.0,0.0,0.0,0.0
AL,southern union state community college,"5,815",0.0,0.0,0.0,0.0,0.0,2,0.0,2.0,0.0,0.0
AL,troy university,"18,782",4.0,0.0,2.0,0.0,2.0,30,5.0,24.0,1.0,0.0
AL,university of alabama birmingham,"25,963",52.0,0.0,6.0,2.0,44.0,332,15.0,296.0,21.0,0.0
AL,university of alabama huntsville,"11,142",1.0,0.0,1.0,0.0,0.0,40,2.0,37.0,1.0,0.0
AL,university of alabama tuscaloosa,"42,327",12.0,0.0,3.0,2.0,7.0,189,20.0,161.0,8.0,1.0
AL,university of north alabama,"10,645",1.0,0.0,1.0,0.0,0.0,33,8.0,22.0,3.0,0.0
AL,university of south alabama,"16,101",12.0,0.0,1.0,2.0,9.0,57,2.0,49.0,6.0,1.0
AL,university of west alabama,"8,789",1.0,0.0,1.0,0.0,0.0,14,2.0,10.0,2.0,0.0
AK,university of alaska anchorage,"17,368",7.0,0.0,3.0,0.0,4.0,60,5.0,47.0,8.0,2.0
AK,university of alaska fairbanks,"10,804",5.0,0.0,2.0,0.0,3.0,18,0.0,14.0,4.0,0.0
AZ,arizona state university tempe,"170,448",46.0,0.0,7.0,11.0,28.0,712,21.0,681.0,10.0,2.0
AZ,arizona western college,"12,342",0.0,0.0,0.0,0.0,0.0,3,1.0,0.0,2.0,0.0
AZ,maricopa community college,,1.0,0.0,0.0,0.0,1.0,74,10.0,61.0,3.0,0.0
AZ,northern arizona university,"32,063",8.0,0.0,5.0,1.0,2.0,126,10.0,113.0,3.0,1.0
AZ,pima community college,"32,415",1.0,0.0,0.0,0.0,1.0,48,5.0,43.0,0.0,0.0
AR,arkansas state university beebe,"3,724",0.0,0.0,0.0,0.0,0.0,0,0.0,0.0,0.0,0.0
AR,arkansas state university jonesboro,"18,402",6.0,0.0,3.0,1.0,2.0,60,8.0,47.0,5.0,0.0
AR,arkansas state university newport,"4,370",0.0,0.0,0.0,0.0,0.0,0,0.0,0.0,0.0,0.0
AR,arkansas tech university,"10,943",4.0,0.0,2.0,0.0,2.0,67,3.0,63.0,1.0,0.0
AR,henderson state university,"3,315",0.0,0.0,0.0,0.0,0.0,12,3.0,9.0,0.0,0.0
AR,northwest arkansas community college,"9,792",1.0,0.0,0.0,0.0,1.0,0,0.0,0.0,0.0,0.0
AR,southern arkansas university,"5,468",2.0,0.0,1.0,0.0,1.0,16,0.0,16.0,0.0,0.0
AR,southern arkansas university tech,"1,536",0.0,0.0,0.0,0.0,0.0,0,0.0,0.0,0.0,0.0
AR,university of arkansas fayetteville,"31,882",6.0,0.0,4.0,0.0,2.0,143,12.0,113.0,18.0,0.0
AR,university of arkansas little rock,"10,391",5.0,1.0,0.0,1.0,3.0,42,5.0,36.0,1.0,0.0
AR,university of arkansas medical sciences,"3,434",14.0,0.0,0.0,0.0,14.0,109,2.0,103.0,4.0,0.0
AR,university of arkansas monticello,"3,912",0.0,0.0,0.0,0.0,0.0,12,2.0,10.0,0.0,0.0
AR,university of arkansas pine bluff,"2,898",2.0,0.0,0.0,0.0,2.0,28,1.0,27.0,0.0,0.0
AR,university of arkansas pulaski technical college,"6,404",0.0,0.0,0.0,0.0,0.0,7,0.0,7.0,0.0,0.0
AR,university of arkansas community college morrilton,"2,508",0.0,0.0,0.0,0.0,0.0,4,1.0,3.0,0.0,0.0
AR,university of central arkansas,"11,548",3.0,0.0,1.0,0.0,2.0,49,4.0,45.0,0.0,0.0
CA,allan hancock college,"15,100",0.0,0.0,0.0,0.0,0.0,36,8.0,27.0,1.0,0.0
CA,california state polytechnic university humboldt,"6,615",4.0,0.0,1.0,2.0,1.0,70,6.0,63.0,1.0,4.0
CA,california state polytechnic university pomona,"31,117",5.0,0.0,3.0,2.0,0.0,189,13.0,170.0,6.0,0.0
CA,california polytechnic state university san luis obispo,"23,187",0.0,0.0,0.0,0.0,0.0,159,15.0,102.0,42.0,5.0
CA,california state university bakersfield,"12,639",0.0,0.0,0.0,0.0,0.0,28,2.0,23.0,3.0,0.0
CA,california state university channel islands,"7,861",3.0,0.0,1.0,1.0,1.0,29,1.0,25.0,3.0,0.0
CA,california state university chico,"17,049",4.0,0.0,0.0,0.0,4.0,122,4.0,114.0,4.0,1.0
CA,california state university dominguez hills,"19,500",2.0,0.0,0.0,1.0,1.0,51,6.0,38.0,7.0,0.0
CA,california state university east bay,"17,465",3.0,0.0,2.0,0.0,1.0,50,2.0,38.0,10.0,0.0
CA,california state university fresno,"26,981",8.0,0.0,2.0,0.0,6.0,211,7.0,186.0,18.0,1.0
CA,california state university fullerton,"45,855",4.0,0.0,1.0,0.0,3.0,162,4.0,153.0,5.0,0.0
CA,california state university long beach,"43,743",12.0,0.0,3.0,1.0,8.0,192,12.0,165.0,15.0,1.0
CA,california state university los angeles,"29,819",4.0,0.0,1.0,1.0,2.0,113,5.0,83.0,25.0,1.0
CA,california state university monterey bay,"8,289",6.0,0.0,1.0,0.0,5.0,27,2.0,22.0,3.0,0.0
CA,california state university northridge,"42,700",6.0,0.0,3.0,0.0,3.0,230,4.0,220.0,6.0,6.0
CA,california state university sacramento,"36,505",8.0,0.0,7.0,1.0,0.0,192,37.0,123.0,32.0,2.0
CA,california state university san bernardino,"21,752",14.0,0.0,4.0,2.0,8.0,88,2.0,67.0,19.0,1.0
CA,california state university san jose,"40,879",29.0,0.0,3.0,5.0,21.0,288,20.0,249.0,19.0,11.0
CA,california state university san marcos,"17,470",8.0,0.0,4.0,0.0,4.0,47,1.0,44.0,2.0,0.0
CA,california state university stanislaus,"12,022",3.0,0.0,0.0,1.0,2.0,17,4.0,10.0,3.0,0.0
CA,chaffey college,"27,715",0.0,0.0,0.0,0.0,0.0,16,5.0,10.0,1.0,1.0
CA,college of sequoias,"15,695",0.0,0.0,0.0,0.0,0.0,27,5.0,20.0,2.0,0.0
CA,contra costa community college,"45,303",3.0,0.0,0.0,0.0,3.0,78,21.0,45.0,12.0,0.0
CA,cuesta college,"13,943",0.0,0.0,0.0,0.0,0.0,1,0.0,1.0,0.0,0.0
CA,el camino college,"28,431",6.0,1.0,0.0,0.0,5.0,31,6.0,23.0,2.0,0.0
CA,foothill de anza college,"49,973",1.0,0.0,0.0,1.0,0.0,18,1.0,17.0,0.0,1.0
CA,irvine valley college,"17,098",0.0,0.0,0.0,0.0,0.0,5,0.0,5.0,0.0,0.0
CA,los rios community college,"105,677",4.0,0.0,0.0,3.0,1.0,35,5.0,28.0,2.0,1.0
CA,marin community college,"6,770",0.0,0.0,0.0,0.0,0.0,8,3.0,4.0,1.0,0.0
CA,miracosta college,"16,847",1.0,0.0,1.0,0.0,0.0,10,1.0,9.0,0.0,0.0
CA,mt san jacinto college,"19,567",0.0,0.0,0.0,0.0,0.0,14,3.0,8.0,3.0,0.0
CA,pasadena community college,"31,175",2.0,0.0,0.0,0.0,2.0,54,3.0,42.0,9.0,0.0
CA,riverside community college,"53,049",2.0,0.0,0.0,2.0,0.0,31,4.0,23.0,4.0,0.0
CA,san bernardino community college,"22,939",3.0,0.0,0.0,1.0,2.0,47,11.0,35.0,1.0,0.0
CA,san diego community college,"72,038",11.0,0.0,2.0,0.0,9.0,34,1.0,32.0,1.0,1.0
CA,san diego state university,"39,053",26.0,0.0,9.0,3.0,14.0,300,19.0,266.0,15.0,2.0
CA,san francisco state university,"30,339",11.0,0.0,4.0,4.0,3.0,131,2.0,113.0,16.0,1.0
CA,san joaquin delta college,"23,945",4.0,0.0,0.0,1.0,3.0,35,4.0,29.0,2.0,13.0
CA,san jose/evergreen community college,"24,322",2.0,0.0,0.0,0.0,2.0,20,7.0,13.0,0.0,3.0
CA,sonoma county junior college,"23,100",4.0,0.0,3.0,0.0,1.0,24,3.0,20.0,1.0,0.0
CA,sonoma state university,"8,173",3.0,0.0,2.0,0.0,1.0,46,6.0,40.0,0.0,0.0
CA,state center community college district,"57,197",3.0,0.0,0.0,0.0,3.0,96,16.0,71.0,9.0,2.0
CA,university of california berkeley,"47,911",74.0,0.0,9.0,14.0,51.0,"1,150",69.0,567.0,514.0,15.0
CA,university of california davis,"42,855",19.0,0.0,8.0,3.0,8.0,853,93.0,606.0,154.0,8.0
CA,university of california irvine,"38,705",9.0,0.0,7.0,0.0,2.0,486,16.0,455.0,15.0,1.0
CA,university of california los angeles,"48,638",78.0,0.0,15.0,10.0,53.0,895,132.0,434.0,329.0,11.0
CA,university of california medical center sacramento,,9.0,0.0,1.0,0.0,8.0,108,5.0,94.0,9.0,3.0
CA,university of california merced,"9,593",6.0,0.0,2.0,0.0,4.0,48,1.0,42.0,5.0,1.0
CA,university of california riverside,"28,930",8.0,0.0,5.0,1.0,2.0,421,30.0,334.0,57.0,0.0
CA,university of california san diego,"44,132",10.0,0.0,2.0,1.0,7.0,890,31.0,438.0,421.0,6.0
CA,university of california san francisco,"3,286",17.0,0.0,1.0,4.0,12.0,316,48.0,211.0,57.0,2.0
CA,university of california santa barbara,"28,256",32.0,0.0,19.0,0.0,13.0,455,23.0,382.0,50.0,4.0
CA,university of california santa cruz,"21,432",7.0,0.0,4.0,0.0,3.0,211,4.0,202.0,5.0,2.0
CA,ventura county community college district,"46,678",4.0,0.0,0.0,1.0,3.0,40,15.0,19.0,6.0,0.0
CA,west valley mission college,"20,535",1.0,0.0,0.0,0.0,1.0,18,5.0,13.0,0.0,0.0
CO,adams state university,"3,833",4.0,0.0,2.0,0.0,2.0,37,3.0,33.0,1.0,0.0
CO,auraria higher education center,,2.0,0.0,2.0,0.0,0.0,56,5.0,44.0,7.0,1.0
CO,colorado school of mines,"7,789",1.0,0.0,0.0,0.0,1.0,96,4.0,89.0,3.0,0.0
CO,colorado state university fort collins,"36,664",13.0,0.0,4.0,4.0,5.0,356,14.0,330.0,12.0,3.0
CO,fort lewis college,"3,983",2.0,0.0,2.0,0.0,0.0,22,3.0,19.0,0.0,0.0
CO,red rocks community college,"9,917",0.0,0.0,0.0,0.0,0.0,11,2.0,6.0,3.0,0.0
CO,university of colorado boulder,"43,746",14.0,0.0,6.0,1.0,7.0,499,52.0,437.0,10.0,11.0
CO,university of colorado colorado springs,"15,264",6.0,0.0,3.0,0.0,3.0,88,2.0,80.0,6.0,0.0
CO,university of colorado denver,"29,833",2.0,0.0,1.0,1.0,0.0,148,2.0,50.0,96.0,0.0
CO,university of northern colorado,"12,017",1.0,0.0,1.0,0.0,0.0,141,3.0,127.0,11.0,0.0
CT,central connecticut state university,"11,260",3.0,0.0,3.0,0.0,0.0,38,6.0,31.0,1.0,0.0
CT,eastern connecticut state university,"4,736",1.0,0.0,1.0,0.0,0.0,3,0.0,3.0,0.0,0.0
CT,southern connecticut state university,"10,270",0.0,0.0,0.0,0.0,0.0,19,0.0,13.0,6.0,0.0
CT,university of connecticut all campuses,,6.0,0.0,3.0,2.0,1.0,133,13.0,86.0,34.0,3.0
CT,western connecticut state university,"5,567",0.0,0.0,0.0,0.0,0.0,4,0.0,4.0,0.0,0.0
CT,yale university,"15,828",7.0,0.0,2.0,1.0,4.0,294,24.0,217.0,53.0,2.0
DE,delaware state university,"5,770",15.0,0.0,5.0,1.0,9.0,81,12.0,67.0,2.0,1.0
DE,university of delaware,"25,903",5.0,0.0,3.0,0.0,2.0,140,9.0,122.0,9.0,2.0
FL,florida a&m university,"10,142",3.0,0.0,1.0,0.0,2.0,19,9.0,10.0,0.0,0.0
FL,florida atlantic university,"36,580",3.0,0.0,2.0,0.0,1.0,73,5.0,55.0,13.0,0.0
FL,florida international university,"71,842",8.0,0.0,4.0,1.0,3.0,160,13.0,147.0,0.0,0.0
FL,florida polytechnic university,"1,644",0.0,0.0,0.0,0.0,0.0,3,0.0,3.0,0.0,0.0
FL,florida state university panama city,,0.0,0.0,0.0,0.0,0.0,3,1.0,2.0,0.0,0.0
FL,florida state university tallahassee,"51,109",18.0,0.0,9.0,3.0,6.0,226,46.0,180.0,0.0,2.0
FL,new college of florida,690,2.0,0.0,0.0,0.0,2.0,21,2.0,19.0,0.0,0.0
FL,santa fe college,"17,038",0.0,0.0,0.0,0.0,0.0,10,1.0,9.0,0.0,0.0
FL,university of central florida,"82,075",13.0,1.0,4.0,3.0,5.0,154,12.0,122.0,20.0,0.0
FL,university of florida,"62,839",12.0,0.0,5.0,1.0,6.0,237,15.0,222.0,0.0,0.0
FL,university of north florida,"19,743",7.0,0.0,3.0,2.0,2.0,71,2.0,59.0,10.0,0.0
FL,university of west florida,"16,786",2.0,0.0,2.0,0.0,0.0,27,1.0,26.0,0.0,0.0
GA,abraham baldwin agricultural college,"4,506",2.0,0.0,2.0,0.0,0.0,12,0.0,11.0,1.0,0.0
GA,albany technical college,"3,764",0.0,0.0,0.0,0.0,0.0,0,0.0,0.0,0.0,0.0
GA,athens technical college,"5,404",0.0,0.0,0.0,0.0,0.0,0,0.0,0.0,0.0,0.0
GA,augusta technical college,"5,404",0.0,0.0,0.0,0.0,0.0,2,0.0,2.0,0.0,0.0
GA,augusta university,"10,103",2.0,0.0,1.0,0.0,1.0,126,9.0,109.0,8.0,0.0
GA,berry college,"2,467",1.0,0.0,1.0,0.0,0.0,9,1.0,8.0,0.0,0.0
GA,chattahoochee technical college,"12,892",0.0,0.0,0.0,0.0,0.0,3,0.0,3.0,0.0,0.0
GA,clayton state university,"8,179",3.0,0.0,2.0,0.0,1.0,26,2.0,16.0,8.0,0.0
GA,emory university,"16,112",14.0,0.0,7.0,2.0,5.0,283,23.0,251.0,9.0,0.0
GA,fort valley state university,"3,083",1.0,0.0,1.0,0.0,0.0,23,1.0,19.0,3.0,0.0
GA,georgia college and state university,"7,823",1.0,0.0,1.0,0.0,0.0,25,2.0,19.0,4.0,0.0
GA,georgia gwinnett college,"13,485",5.0,0.0,2.0,1.0,2.0,32,0.0,32.0,0.0,0.0
GA,georgia highlands college,"6,759",0.0,0.0,0.0,0.0,0.0,1,0.0,1.0,0.0,0.0
GA,georgia institute of technology,"52,051",8.0,0.0,3.0,1.0,4.0,346,28.0,218.0,100.0,3.0
GA,georgia military college,"11,895",0.0,0.0,0.0,0.0,0.0,0,0.0,0.0,0.0,0.0
GA,georgia northwestern technical college,"8,484",0.0,0.0,0.0,0.0,0.0,1,0.0,1.0,0.0,0.0
GA,georgia piedmont technical college,"3,811",0.0,0.0,0.0,0.0,0.0,5,0.0,4.0,1.0,2.0
GA,georgia southern university,"31,296",3.0,0.0,2.0,1.0,0.0,84,4.0,75.0,5.0,0.0
GA,georgia southwestern state university,"3,893",0.0,0.0,0.0,0.0,0.0,1,0.0,1.0,0.0,0.0
GA,georgia state university,"43,099",7.0,0.0,3.0,1.0,3.0,159,8.0,142.0,9.0,0.0
GA,gordon state college,"3,680",2.0,0.0,1.0,0.0,1.0,8,3.0,3.0,2.0,0.0
GA,gwinnett technical college,"11,022",0.0,0.0,0.0,0.0,0.0,0,0.0,0.0,0.0,0.0
GA,kennesaw state university,"49,988",3.0,0.0,2.0,1.0,0.0,66,5.0,57.0,4.0,0.0
GA,mercer university,"10,454",2.0,0.0,1.0,1.0,0.0,65,0.0,59.0,6.0,0.0
GA,middle georgia state university,"9,816",1.0,0.0,1.0,0.0,0.0,27,2.0,22.0,3.0,0.0
GA,morehouse college,"2,924",1.0,0.0,1.0,0.0,0.0,25,3.0,21.0,1.0,0.0
GA,piedmont college,"2,632",0.0,0.0,0.0,0.0,0.0,0,0.0,0.0,0.0,0.0
GA,southern regional technical college,"5,923",0.0,0.0,0.0,0.0,0.0,0,0.0,0.0,0.0,0.0
GA,university of north georgia,"22,132",1.0,0.0,1.0,0.0,0.0,10,4.0,6.0,0.0,0.0
GA,university of west georgia,"15,339",1.0,0.0,1.0,0.0,0.0,31,1.0,30.0,0.0,0.0
GA,west georgia technical college,"9,047",0.0,0.0,0.0,0.0,0.0,7,1.0,6.0,0.0,0.0
IL,chicago state university,"3,050",1.0,0.0,1.0,0.0,0.0,5,1.0,4.0,0.0,0.0
IL,college of dupage,"35,659",0.0,0.0,0.0,0.0,0.0,8,1.0,7.0,0.0,0.0
IL,college of lake county,"20,056",0.0,0.0,0.0,0.0,0.0,8,0.0,8.0,0.0,0.0
IL,eastern illinois university,"10,588",5.0,0.0,4.0,1.0,0.0,39,2.0,33.0,4.0,0.0
IL,elgin community college,"12,559",0.0,0.0,0.0,0.0,0.0,0,0.0,0.0,0.0,0.0
IL,eureka college,540,0.0,0.0,0.0,0.0,0.0,0,0.0,0.0,0.0,0.0
IL,harper college,"21,370",0.0,0.0,0.0,0.0,0.0,15,0.0,15.0,0.0,0.0
IL,illinois central college,"10,381",0.0,0.0,0.0,0.0,0.0,12,0.0,12.0,0.0,0.0
IL,illinois state university,"22,159",5.0,0.0,5.0,0.0,0.0,100,3.0,96.0,1.0,0.0
IL,john wood community college,"2,489",0.0,0.0,0.0,0.0,0.0,0,0.0,0.0,0.0,0.0
IL,joliet junior college,"20,068",1.0,0.0,1.0,0.0,0.0,11,0.0,11.0,0.0,0.0
IL,kankakee community college,"3,654",0.0,0.0,0.0,0.0,0.0,0,0.0,0.0,0.0,0.0
IL,lake land college,"8,533",1.0,0.0,0.0,0.0,1.0,1,1.0,0.0,0.0,0.0
IL,lewis university,"7,779",1.0,0.0,1.0,0.0,0.0,19,1.0,18.0,0.0,0.0
IL,lincoln land community college,"8,495",0.0,0.0,0.0,0.0,0.0,1,0.0,1.0,0.0,0.0
IL,loyola university of chicago,"19,998",1.0,0.0,1.0,0.0,0.0,48,0.0,48.0,0.0,0.0
IL,mchenry county college,"12,879",0.0,0.0,0.0,0.0,0.0,1,0.0,1.0,0.0,0.0
IL,millikin university,"2,124",0.0,0.0,0.0,0.0,0.0,15,0.0,15.0,0.0,0.0
IL,moraine valley community college,"17,409",0.0,0.0,0.0,0.0,0.0,2,0.0,2.0,0.0,0.0
IL,morton college,"5,414",0.0,0.0,0.0,0.0,0.0,3,0.0,3.0,0.0,0.0
IL,northeastern illinois university,"7,862",0.0,0.0,0.0,0.0,0.0,1,0.0,1.0,0.0,0.0
IL,northern illinois university,"18,324",21.0,0.0,16.0,1.0,4.0,112,12.0,98.0,2.0,1.0
IL,oakton community college,"13,820",0.0,0.0,0.0,0.0,0.0,1,0.0,1.0,0.0,0.0
IL,parkland college,"8,533",0.0,0.0,0.0,0.0,0.0,3,0.0,3.0,0.0,0.0
IL,rend lake college,"3,279",0.0,0.0,0.0,0.0,0.0,0,0.0,0.0,0.0,0.0
IL,richland community college,"3,488",0.0,0.0,0.0,0.0,0.0,1,0.0,1.0,0.0,0.0
IL,rock valley college,"9,175",0.0,0.0,0.0,0.0,0.0,6,0.0,5.0,1.0,0.0
IL,southern illinois university carbondale,"12,543",1.0,0.0,0.0,0.0,1.0,98,1.0,96.0,1.0,0.0
IL,southern illinois university school of medicine,,1.0,0.0,0.0,0.0,1.0,8,0.0,8.0,0.0,0.0
IL,south suburban college,"7,638",1.0,0.0,1.0,0.0,0.0,8,0.0,7.0,1.0,0.0
IL,southwestern illinois college,"14,474",1.0,0.0,0.0,1.0,0.0,10,4.0,6.0,0.0,0.0
IL,university of chicago cook county,"20,814",6.0,0.0,0.0,5.0,1.0,78,2.0,60.0,16.0,0.0
IL,university of illinois chicago,"37,397",14.0,0.0,3.0,2.0,9.0,324,18.0,293.0,13.0,1.0
IL,university of illinois springfield,"4,895",2.0,0.0,2.0,0.0,0.0,4,0.0,4.0,0.0,0.0
IL,university of illinois urbana,"62,303",91.0,0.0,15.0,7.0,69.0,827,109.0,606.0,112.0,4.0
IL,waubonsee community college,"13,675",0.0,0.0,0.0,0.0,0.0,0,0.0,0.0,0.0,0.0
IN,indiana state university,"10,788",4.0,0.0,2.0,0.0,2.0,70,3.0,63.0,4.0,0.0
IN,indiana university bloomington,"59,231",52.0,0.0,22.0,4.0,26.0,340,33.0,287.0,20.0,3.0
IN,indiana university south bend,"7,568",1.0,0.0,0.0,0.0,1.0,29,3.0,25.0,1.0,0.0
IN,purdue university,"54,814",8.0,0.0,1.0,0.0,7.0,377,9.0,361.0,7.0,1.0
IN,university of indianapolis,"5,851",0.0,0.0,0.0,0.0,0.0,41,6.0,28.0,7.0,0.0
IN,university of notre dame,"13,687",4.0,0.0,0.0,0.0,4.0,263,3.0,252.0,8.0,0.0
IA,iowa state university,"33,010",11.0,0.0,7.0,0.0,4.0,96,4.0,85.0,7.0,0.0
IA,university of iowa,"32,818",26.0,0.0,5.0,2.0,19.0,206,15.0,172.0,19.0,3.0
IA,university of northern iowa,"10,517",3.0,0.0,1.0,1.0,1.0,27,4.0,23.0,0.0,0.0
KS,university of kansas,"29,301",4.0,0.0,1.0,1.0,2.0,154,5.0,145.0,4.0,0.0
KS,university of kansas medical center,,22.0,0.0,0.0,1.0,21.0,266,1.0,235.0,30.0,0.0
KS,washburn university,"6,507",1.0,0.0,0.0,0.0,1.0,61,5.0,51.0,5.0,0.0
KY,eastern kentucky university,"16,584",7.0,0.0,6.0,0.0,1.0,80,14.0,66.0,0.0,0.0
KY,kentucky state university,"2,981",0.0,0.0,0.0,0.0,0.0,0,0.0,0.0,0.0,0.0
KY,morehead state university,"10,158",3.0,0.0,2.0,0.0,1.0,18,0.0,16.0,2.0,0.0
KY,murray state university,"10,885",1.0,0.0,1.0,0.0,0.0,44,2.0,41.0,1.0,0.0
KY,northern kentucky university,"19,380",3.0,0.0,2.0,0.0,1.0,29,2.0,27.0,0.0,0.0
KY,university of kentucky,"32,909",19.0,0.0,4.0,4.0,11.0,419,13.0,372.0,34.0,0.0
KY,university of louisville,"26,161",8.0,0.0,3.0,2.0,3.0,229,20.0,175.0,34.0,1.0
KY,western kentucky university,"19,768",5.0,0.0,3.0,0.0,2.0,91,6.0,84.0,1.0,0.0
LA,louisiana state university baton rouge,"39,475",21.0,0.0,7.0,3.0,11.0,335,76.0,221.0,38.0,0.0
LA,louisiana state university health sciences center shreveport,"1,179",7.0,0.0,1.0,1.0,5.0,19,0.0,16.0,3.0,0.0
LA,southern university and a&m college new orleans,"2,746",0.0,0.0,0.0,0.0,0.0,0,0.0,0.0,0.0,0.0
LA,tulane university,"15,270",1.0,0.0,0.0,1.0,0.0,120,10.0,103.0,7.0,1.0
ME,university of maine farmington,"2,259",0.0,0.0,0.0,0.0,0.0,6,0.0,5.0,1.0,1.0
ME,university of maine orono,"15,005",0.0,0.0,0.0,0.0,0.0,62,3.0,59.0,0.0,0.0
ME,university of southern maine,"10,236",0.0,0.0,0.0,0.0,0.0,29,2.0,27.0,0.0,1.0
MD,bowie state university,"6,960",12.0,0.0,0.0,3.0,9.0,40,4.0,33.0,3.0,0.0
MD,coppin state university,"2,326",0.0,0.0,0.0,0.0,0.0,1,0.0,1.0,0.0,0.0
MD,frostburg state university,"4,959",4.0,0.0,4.0,0.0,0.0,11,5.0,6.0,0.0,0.0
MD,hagerstown community college,"4,871",0.0,0.0,0.0,0.0,0.0,3,2.0,1.0,0.0,0.0
MD,morgan state university,"9,224",39.0,0.0,5.0,3.0,31.0,45,1.0,39.0,5.0,0.0
MD,salisbury university,"8,133",2.0,0.0,1.0,1.0,0.0,26,1.0,25.0,0.0,0.0
MD,st marys college,"1,629",0.0,0.0,0.0,0.0,0.0,27,3.0,23.0,1.0,0.0
MD,towson university,"23,202",14.0,0.0,6.0,2.0,6.0,51,4.0,44.0,3.0,1.0
MD,university of maryland baltimore city,"8,094",9.0,0.0,0.0,2.0,7.0,63,2.0,47.0,14.0,0.0
MD,university of maryland baltimore county,"15,492",3.0,0.0,3.0,0.0,0.0,75,8.0,49.0,18.0,0.0
MD,university of maryland college park,"42,195",13.0,0.0,2.0,3.0,8.0,421,20.0,367.0,34.0,1.0
MA,amherst college,"2,041",0.0,0.0,0.0,0.0,0.0,0,0.0,0.0,0.0,0.0
MA,assumption college,"2,446",2.0,0.0,1.0,0.0,1.0,19,3.0,16.0,0.0,0.0
MA,babson college,"4,256",1.0,0.0,1.0,0.0,0.0,24,2.0,22.0,0.0,0.0
MA,bentley university,"5,458",0.0,0.0,0.0,0.0,0.0,20,1.0,19.0,0.0,0.0
MA,boston college,"16,849",5.0,0.0,5.0,0.0,0.0,63,0.0,62.0,1.0,0.0
MA,boston university,"43,952",10.0,0.0,3.0,1.0,6.0,408,10.0,398.0,0.0,0.0
MA,brandeis university,"6,026",2.0,0.0,0.0,1.0,1.0,22,2.0,20.0,0.0,0.0
MA,bridgewater state university,"11,696",3.0,0.0,0.0,0.0,3.0,9,0.0,8.0,1.0,0.0
MA,bristol community college,"8,201",0.0,0.0,0.0,0.0,0.0,1,0.0,1.0,0.0,0.0
MA,bunker hill community college,"13,498",0.0,0.0,0.0,0.0,0.0,6,0.0,4.0,2.0,0.0
MA,cape cod community college,"3,828",0.0,0.0,0.0,0.0,0.0,1,0.0,1.0,0.0,0.0
MA,clark university,"3,842",8.0,0.0,2.0,3.0,3.0,26,2.0,24.0,0.0,0.0
MA,college of holy cross,"3,323",1.0,0.0,1.0,0.0,0.0,13,2.0,9.0,2.0,2.0
MA,curry college,"2,609",0.0,0.0,0.0,0.0,0.0,13,3.0,10.0,0.0,0.0
MA,dean college,"1,370",0.0,0.0,0.0,0.0,0.0,6,1.0,5.0,0.0,0.0
MA,emerson college,"6,368",0.0,0.0,0.0,0.0,0.0,14,0.0,14.0,0.0,1.0
MA,endicott college,"4,851",3.0,0.0,2.0,0.0,1.0,7,0.0,7.0,0.0,0.0
MA,fisher college,"2,390",0.0,0.0,0.0,0.0,0.0,3,0.0,3.0,0.0,0.0
MA,fitchburg state university,"10,164",2.0,0.0,2.0,0.0,0.0,31,6.0,24.0,1.0,0.0
MA,framingham state university,"6,667",1.0,0.0,0.0,0.0,1.0,9,0.0,9.0,0.0,0.0
MA,gordon college,"2,233",1.0,0.0,1.0,0.0,0.0,19,0.0,19.0,0.0,0.0
MA,greenfield community college,"2,042",0.0,0.0,0.0,0.0,0.0,0,0.0,0.0,0.0,0.0
MA,harvard university,"39,374",22.0,0.0,8.0,2.0,12.0,534,28.0,366.0,140.0,2.0
MA,holyoke community college,"4,913",1.0,0.0,0.0,0.0,1.0,2,0.0,2.0,0.0,0.0
MA,lasell college,"2,057",1.0,0.0,0.0,0.0,1.0,6,0.0,6.0,0.0,0.0
MA,massachusetts bay community college,"5,733",0.0,0.0,0.0,0.0,0.0,0,0.0,0.0,0.0,0.0
MA,massachusetts college of art,"2,164",1.0,0.0,1.0,0.0,0.0,14,2.0,12.0,0.0,0.0
MA,massachusetts college of liberal arts,"1,299",1.0,0.0,0.0,0.0,1.0,5,0.0,5.0,0.0,0.0
MA,massachusetts institute of technology,"12,923",2.0,0.0,1.0,0.0,1.0,238,16.0,221.0,1.0,0.0
MA,massasoit community college,"8,032",0.0,0.0,0.0,0.0,0.0,3,1.0,2.0,0.0,0.0
MA,mcphs university,"7,965",0.0,0.0,0.0,0.0,0.0,11,1.0,10.0,0.0,0.0
MA,merrimack college,"6,665",7.0,0.0,3.0,0.0,4.0,13,2.0,11.0,0.0,0.0
MA,mount holyoke college,"2,600",0.0,0.0,0.0,0.0,0.0,30,0.0,30.0,0.0,0.0
MA,mount wachusett community college,"4,219",0.0,0.0,0.0,0.0,0.0,2,0.0,2.0,0.0,0.0
MA,northeastern university,"37,702",9.0,0.0,8.0,0.0,1.0,320,11.0,307.0,2.0,1.0
MA,north shore community college,"6,652",0.0,0.0,0.0,0.0,0.0,7,2.0,5.0,0.0,0.0
MA,quinsigamond community college,"8,635",1.0,0.0,0.0,0.0,1.0,8,1.0,7.0,0.0,0.0
MA,salem state university,"8,470",3.0,0.0,1.0,0.0,2.0,24,4.0,20.0,0.0,0.0
MA,simmons college,"6,957",0.0,0.0,0.0,0.0,0.0,10,0.0,10.0,0.0,0.0
MA,smith college,"3,265",0.0,0.0,0.0,0.0,0.0,0,0.0,0.0,0.0,0.0
MA,springfield college,"3,135",1.0,0.0,1.0,0.0,0.0,10,0.0,3.0,7.0,0.0
MA,springfield technical community college,"5,373",0.0,0.0,0.0,0.0,0.0,7,0.0,7.0,0.0,0.0
MA,stonehill college,"2,531",3.0,0.0,1.0,0.0,2.0,6,0.0,6.0,0.0,0.0
MA,tufts university medford,"15,523",1.0,0.0,0.0,0.0,1.0,21,2.0,19.0,0.0,0.0
MA,tufts university suffolk,,1.0,0.0,0.0,0.0,1.0,10,0.0,10.0,0.0,0.0
MA,tufts university worcester,,0.0,0.0,0.0,0.0,0.0,3,0.0,3.0,0.0,0.0
MA,university of massachusetts amherst,"36,872",13.0,0.0,4.0,1.0,8.0,145,12.0,133.0,0.0,0.0
MA,university of massachusetts dartmouth,"8,837",8.0,0.0,5.0,0.0,3.0,35,3.0,32.0,0.0,2.0
MA,university of massachusetts harbor campus boston,"18,901",2.0,0.0,0.0,0.0,2.0,18,1.0,16.0,1.0,0.0
MA,university of massachusetts lowell,"21,543",4.0,0.0,3.0,0.0,1.0,110,16.0,93.0,1.0,0.0
MA,university of massachusetts medical center worcester,"1,335",12.0,0.0,0.0,0.0,12.0,33,2.0,28.0,3.0,0.0
MA,wellesley college,"2,548",0.0,0.0,0.0,0.0,0.0,1,0.0,1.0,0.0,0.0
MA,wentworth institute of technology,"4,930",3.0,0.0,2.0,0.0,1.0,42,2.0,34.0,6.0,0.0
MA,western new england university,"4,034",1.0,0.0,1.0,0.0,0.0,15,6.0,9.0,0.0,0.0
MA,westfield state university,"5,478",7.0,0.0,5.0,0.0,2.0,16,2.0,12.0,2.0,0.0
MA,wheaton college,"1,781",0.0,0.0,0.0,0.0,0.0,6,4.0,2.0,0.0,0.0
MA,worcester polytechnic institute,"7,761",4.0,0.0,0.0,0.0,4.0,27,4.0,23.0,0.0,0.0
MA,worcester state university,"7,284",5.0,1.0,1.0,0.0,3.0,18,3.0,15.0,0.0,0.0
MI,delta college,"9,360",0.0,0.0,0.0,0.0,0.0,4,0.0,4.0,0.0,0.0
MI,eastern michigan university,"19,081",21.0,0.0,8.0,0.0,13.0,94,5.0,86.0,3.0,0.0
MI,grand rapids community college,"18,247",0.0,0.0,0.0,0.0,0.0,17,2.0,14.0,1.0,0.0
MI,grand valley state university,"25,460",17.0,0.0,7.0,0.0,10.0,126,7.0,116.0,3.0,0.0
MI,kalamazoo valley community college,"10,250",0.0,0.0,0.0,0.0,0.0,11,0.0,11.0,0.0,0.0
MI,kellogg community college,"4,813",6.0,0.0,0.0,0.0,6.0,1,0.0,0.0,1.0,0.0
MI,lansing community college,"14,324",0.0,0.0,0.0,0.0,0.0,15,0.0,15.0,0.0,0.0
MI,macomb community college,"23,559",0.0,0.0,0.0,0.0,0.0,8,0.0,8.0,0.0,0.0
MI,michigan state university,"53,948",20.0,3.0,4.0,3.0,10.0,469,14.0,425.0,30.0,0.0
MI,michigan technological university,"7,402",0.0,0.0,0.0,0.0,0.0,30,1.0,29.0,0.0,0.0
MI,mott community college,"8,337",0.0,0.0,0.0,0.0,0.0,6,0.0,6.0,0.0,0.0
MI,northern michigan university,"8,042",7.0,0.0,6.0,0.0,1.0,18,0.0,17.0,1.0,0.0
MI,oakland community college,"22,047",0.0,0.0,0.0,0.0,0.0,7,0.0,7.0,0.0,0.0
MI,oakland university,"19,831",2.0,0.0,1.0,1.0,0.0,28,1.0,26.0,1.0,0.0
MI,saginaw valley state university,"8,256",7.0,0.0,2.0,0.0,5.0,29,6.0,23.0,0.0,0.0
MI,schoolcraft college,"13,344",0.0,0.0,0.0,0.0,0.0,8,0.0,7.0,1.0,0.0
MI,university of michigan ann arbor,"52,356",30.0,0.0,6.0,1.0,23.0,506,13.0,470.0,23.0,1.0
MI,university of michigan dearborn,"9,651",1.0,0.0,0.0,0.0,1.0,10,0.0,10.0,0.0,0.0
MI,university of michigan flint,"7,471",4.0,0.0,0.0,0.0,4.0,55,2.0,48.0,5.0,0.0
MI,washtenaw community college,"19,343",1.0,0.0,0.0,0.0,1.0,15,0.0,14.0,1.0,0.0
MI,western michigan university,"20,232",6.0,0.0,2.0,0.0,4.0,102,0.0,96.0,6.0,1.0
MN,university of minnesota duluth,"10,708",2.0,0.0,0.0,0.0,2.0,24,4.0,20.0,0.0,0.0
MN,university of minnesota morris,"1,372",0.0,0.0,0.0,0.0,0.0,10,0.0,10.0,0.0,0.0
MN,university of minnesota twin cities,"60,763",24.0,0.0,7.0,6.0,11.0,462,29.0,380.0,53.0,1.0
MS,east mississippi community college communiversity,,0.0,0.0,0.0,0.0,0.0,0,0.0,0.0,0.0,0.0
MS,east mississippi community college golden triangle,,0.0,0.0,0.0,0.0,0.0,0,0.0,0.0,0.0,0.0
MS,east mississippi community college scooba,"5,481",0.0,0.0,0.0,0.0,0.0,0,0.0,0.0,0.0,0.0
MS,east mississippi community college west point,,0.0,0.0,0.0,0.0,0.0,0,0.0,0.0,0.0,0.0
MS,holmes community college goodman,"5,145",0.0,0.0,0.0,0.0,0.0,3,0.0,2.0,1.0,0.0
MS,holmes community college grenada,,0.0,0.0,0.0,0.0,0.0,0,0.0,0.0,0.0,0.0
MS,holmes community college ridgeland,,0.0,0.0,0.0,0.0,0.0,0,0.0,0.0,0.0,0.0
MS,jones county junior college,"5,809",0.0,0.0,0.0,0.0,0.0,2,0.0,2.0,0.0,0.0
MS,mississippi delta community college,"3,064",0.0,0.0,0.0,0.0,0.0,0,0.0,0.0,0.0,0.0
MS,mississippi state university,"25,666",5.0,0.0,2.0,0.0,3.0,53,3.0,47.0,3.0,0.0
MS,northeast mississippi community college,"3,970",0.0,0.0,0.0,0.0,0.0,6,1.0,5.0,0.0,1.0
MS,northwest mississippi community college desoto,,0.0,0.0,0.0,0.0,0.0,0,0.0,0.0,0.0,0.0
MS,northwest mississippi community college senatobia,"9,175",0.0,0.0,0.0,0.0,0.0,4,0.0,3.0,1.0,0.0
MS,pearl river community college forrest,"6,948",0.0,0.0,0.0,0.0,0.0,0,0.0,0.0,0.0,0.0
MS,pearl river community college poplarville,,2.0,0.0,0.0,0.0,2.0,1,0.0,1.0,0.0,0.0
MS,university of mississippi oxford,"23,679",6.0,0.0,3.0,1.0,2.0,70,8.0,59.0,3.0,1.0
MO,jefferson college,"4,479",0.0,0.0,0.0,0.0,0.0,0,0.0,0.0,0.0,0.0
MO,metropolitan community college,"18,284",0.0,0.0,0.0,0.0,0.0,37,1.0,26.0,10.0,0.0
MO,missouri southern state university,"5,219",2.0,0.0,2.0,0.0,0.0,27,0.0,26.0,1.0,0.0
MO,missouri university of science and technology,"7,812",0.0,0.0,0.0,0.0,0.0,51,1.0,46.0,4.0,1.0
MO,northwest missouri state university,"9,761",4.0,0.0,3.0,0.0,1.0,20,0.0,20.0,0.0,0.0
MO,southeast missouri state university,"11,221",5.0,0.0,2.0,0.0,3.0,26,3.0,21.0,2.0,0.0
MO,st charles community college,"8,226",0.0,0.0,0.0,0.0,0.0,0,0.0,0.0,0.0,0.0
MO,st louis community college meramec,"22,035",0.0,0.0,0.0,0.0,0.0,24,0.0,22.0,2.0,0.0
MO,truman state university,"4,524",0.0,0.0,0.0,0.0,0.0,34,1.0,32.0,1.0,0.0
MO,university of central missouri,"15,077",4.0,0.0,1.0,1.0,2.0,30,3.0,23.0,4.0,0.0
MO,university of missouri columbia,"34,122",17.0,0.0,9.0,0.0,8.0,200,7.0,181.0,12.0,1.0
MO,university of missouri kansas city,"18,325",3.0,0.0,0.0,1.0,2.0,69,9.0,39.0,21.0,0.0
MO,washington university,"18,783",0.0,0.0,0.0,0.0,0.0,89,1.0,82.0,6.0,0.0
MT,montana state university,"18,880",3.0,0.0,1.0,0.0,2.0,137,2.0,134.0,1.0,2.0
MT,montana state university billings,"5,403",1.0,0.0,1.0,0.0,0.0,20,2.0,18.0,0.0,0.0
MT,university of montana,"12,318",7.0,0.0,1.0,0.0,6.0,93,0.0,87.0,6.0,0.0
NE,metropolitan community college douglas county,"20,852",0.0,0.0,0.0,0.0,0.0,32,2.0,29.0,1.0,0.0
NE,university of nebraska kearney,"7,567",2.0,0.0,1.0,0.0,1.0,28,2.0,26.0,0.0,0.0
NE,university of nebraska lincoln,"26,722",10.0,0.0,6.0,1.0,3.0,128,4.0,117.0,7.0,0.0
NE,university of nebraska omaha,"18,020",5.0,0.0,2.0,2.0,1.0,128,0.0,114.0,14.0,0.0
NV,university of nevada reno,"23,185",5.0,0.0,3.0,0.0,2.0,235,7.0,209.0,19.0,0.0
NH,plymouth state university,"4,706",0.0,0.0,0.0,0.0,0.0,24,0.0,24.0,0.0,0.0
NH,university of new hampshire,"15,134",2.0,0.0,2.0,0.0,0.0,70,8.0,60.0,2.0,0.0
NJ,monmouth university,"6,034",0.0,0.0,0.0,0.0,0.0,9,0.0,4.0,5.0,0.0
NJ,new jersey institute of technology,"13,649",5.0,0.0,2.0,1.0,2.0,76,6.0,59.0,11.0,0.0
NJ,princeton university,"8,631",2.0,0.0,1.0,0.0,1.0,206,9.0,163.0,34.0,0.0
NJ,rowan university,"22,080",8.0,0.0,1.0,0.0,7.0,83,2.0,81.0,0.0,0.0
NJ,rutgers university camden,"7,470",9.0,0.0,0.0,2.0,7.0,60,0.0,58.0,2.0,0.0
NJ,rutgers university newark,"14,168",10.0,0.0,1.0,5.0,4.0,159,6.0,124.0,29.0,0.0
NJ,rutgers university,"56,603",21.0,0.0,10.0,3.0,8.0,307,37.0,265.0,5.0,1.0
NJ,stevens institute of technology,"9,111",0.0,0.0,0.0,0.0,0.0,19,1.0,18.0,0.0,0.0
NJ,stockton university,"11,602",2.0,0.0,2.0,0.0,0.0,41,0.0,40.0,1.0,0.0
NJ,college of new jersey,"8,566",1.0,0.0,1.0,0.0,0.0,34,4.0,28.0,2.0,0.0
NM,new mexico institute of mining and technology,"2,000",0.0,0.0,0.0,0.0,0.0,26,4.0,21.0,1.0,0.0
NM,new mexico state university,"15,892",10.0,0.0,3.0,0.0,7.0,167,13.0,132.0,22.0,2.0
NM,university of new mexico,"23,914",45.0,0.0,5.0,3.0,37.0,484,35.0,370.0,79.0,3.0
NY,cornell university,"26,304",3.0,0.0,3.0,0.0,0.0,249,16.0,233.0,0.0,9.0
NY,ithaca college,"5,679",5.0,0.0,5.0,0.0,0.0,72,9.0,63.0,0.0,0.0
NY,state university of new york police albany,"19,585",3.0,0.0,0.0,0.0,3.0,119,3.0,115.0,1.0,0.0
NY,state university of new york police alfred,"3,796",6.0,0.0,3.0,0.0,3.0,25,0.0,25.0,0.0,0.0
NY,state university of new york police binghamton,"19,938",2.0,0.0,2.0,0.0,0.0,141,4.0,137.0,0.0,0.0
NY,state university of new york police brockport,"8,150",0.0,0.0,0.0,0.0,0.0,21,2.0,18.0,1.0,0.0
NY,state university of new york police buffalo,"35,908",4.0,0.0,2.0,0.0,2.0,197,10.0,172.0,15.0,2.0
NY,state university of new york police buffalo state college,"8,231",4.0,0.0,2.0,0.0,2.0,108,6.0,84.0,18.0,1.0
NY,state university of new york police canton,"4,151",1.0,0.0,1.0,0.0,0.0,9,1.0,8.0,0.0,0.0
NY,state university of new york police cobleskill,"2,067",1.0,0.0,1.0,0.0,0.0,6,0.0,6.0,0.0,0.0
NY,state university of new york police cortland,"7,626",1.0,0.0,1.0,0.0,0.0,38,4.0,34.0,0.0,0.0
NY,state university of new york police delhi,"2,980",0.0,0.0,0.0,0.0,0.0,19,2.0,17.0,0.0,0.0
NY,state university of new york police downstate medical,"2,522",2.0,0.0,0.0,0.0,2.0,27,0.0,27.0,0.0,0.0
NY,state university of new york police environmental science,"2,214",0.0,0.0,0.0,0.0,0.0,16,0.0,16.0,0.0,0.0
NY,state university of new york police geneseo,"4,941",3.0,0.0,2.0,0.0,1.0,42,1.0,41.0,0.0,0.0
NY,state university of new york police maritime,"1,895",0.0,0.0,0.0,0.0,0.0,4,1.0,3.0,0.0,0.0
NY,state university of new york police new paltz,"8,168",1.0,0.0,0.0,0.0,1.0,29,0.0,29.0,0.0,0.0
NY,state university of new york police old westbury,"5,407",2.0,0.0,1.0,0.0,1.0,24,5.0,18.0,1.0,0.0
NY,state university of new york police oneonta,"6,354",0.0,0.0,0.0,0.0,0.0,33,0.0,32.0,1.0,1.0
NY,state university of new york police optometry,409,0.0,0.0,0.0,0.0,0.0,1,0.0,1.0,0.0,0.0
NY,state university of new york police oswego,"8,104",2.0,0.0,1.0,0.0,1.0,50,3.0,47.0,0.0,0.0
NY,state university of new york police plattsburgh,"5,461",1.0,0.0,1.0,0.0,0.0,41,0.0,41.0,0.0,0.0
NY,state university of new york police potsdam,"2,978",0.0,0.0,0.0,0.0,0.0,13,0.0,13.0,0.0,0.0
NY,state university of new york police upstate medical,"1,637",6.0,0.0,1.0,1.0,4.0,82,2.0,73.0,7.0,0.0
NC,duke university,"18,357",4.0,0.0,0.0,1.0,3.0,396,11.0,362.0,23.0,0.0
NC,east carolina university,"31,263",5.0,0.0,5.0,0.0,0.0,169,9.0,160.0,0.0,0.0
NC,elon university,"7,446",5.0,0.0,3.0,0.0,2.0,24,3.0,20.0,1.0,0.0
NC,fayetteville state university,"8,294",5.0,0.0,2.0,1.0,2.0,15,3.0,9.0,3.0,0.0
NC,methodist university,"2,077",2.0,0.0,2.0,0.0,0.0,20,6.0,12.0,2.0,0.0
NC,north carolina agricultural and technical state university,"14,642",12.0,0.0,5.0,2.0,5.0,101,18.0,79.0,4.0,0.0
NC,north carolina central university,"8,824",8.0,0.0,5.0,0.0,3.0,60,8.0,43.0,9.0,0.0
NC,north carolina state university raleigh,"40,469",11.0,0.0,3.0,0.0,8.0,232,35.0,189.0,8.0,1.0
NC,university of north carolina asheville,"3,698",2.0,0.0,1.0,0.0,1.0,21,5.0,15.0,1.0,0.0
NC,university of north carolina chapel hill,"34,015",12.0,1.0,4.0,2.0,5.0,288,13.0,207.0,68.0,0.0
NC,university of north carolina charlotte,"33,944",4.0,0.0,1.0,1.0,2.0,175,0.0,168.0,7.0,0.0
NC,university of north carolina greensboro,"20,975",10.0,0.0,6.0,1.0,3.0,127,5.0,116.0,6.0,0.0
NC,university of north carolina pembroke,"9,949",1.0,0.0,1.0,0.0,0.0,34,9.0,22.0,3.0,0.0
NC,western carolina university,"13,551",11.0,0.0,9.0,1.0,1.0,65,17.0,48.0,0.0,3.0
ND,bismarck state college,"4,609",0.0,0.0,0.0,0.0,0.0,9,0.0,9.0,0.0,0.0
ND,north dakota state college of science,"3,456",1.0,0.0,1.0,0.0,0.0,8,0.0,8.0,0.0,0.0
ND,north dakota state university,"13,753",6.0,0.0,5.0,0.0,1.0,109,3.0,103.0,3.0,0.0
ND,university of north dakota,"16,981",2.0,0.0,1.0,0.0,1.0,65,8.0,57.0,0.0,0.0
OH,bowling green state university,"20,707",2.0,0.0,1.0,1.0,0.0,71,4.0,61.0,6.0,0.0
OH,capital university,"4,028",1.0,0.0,0.0,0.0,1.0,16,6.0,10.0,0.0,1.0
OH,columbus state community college,"42,083",0.0,0.0,0.0,0.0,0.0,37,0.0,25.0,12.0,0.0
OH,kent state university,"30,961",6.0,0.0,3.0,0.0,3.0,134,1.0,133.0,0.0,0.0
OH,ohio state university columbus,"66,817",27.0,0.0,6.0,6.0,15.0,626,34.0,496.0,96.0,3.0
OH,ohio university,"28,464",5.0,0.0,3.0,0.0,2.0,91,9.0,74.0,8.0,1.0
OH,university of akron,"16,571",4.0,0.0,3.0,1.0,0.0,63,1.0,53.0,9.0,0.0
OH,university of cincinnati,"47,930",11.0,0.0,6.0,0.0,5.0,200,21.0,141.0,38.0,0.0
OH,university of toledo,"18,845",4.0,0.0,1.0,1.0,2.0,93,3.0,79.0,11.0,0.0
OK,cameron university,"4,253",0.0,0.0,0.0,0.0,0.0,5,0.0,5.0,0.0,0.0
OK,carl albert state college poteau,"2,218",1.0,0.0,1.0,0.0,0.0,3,1.0,1.0,1.0,0.0
OK,carl albert state college sallisaw,,0.0,0.0,0.0,0.0,0.0,0,0.0,0.0,0.0,0.0
OK,east central university,"4,142",0.0,0.0,0.0,0.0,0.0,10,1.0,9.0,0.0,0.0
OK,eastern oklahoma state college,"1,668",0.0,0.0,0.0,0.0,0.0,1,1.0,0.0,0.0,0.0
OK,langston university,"2,186",3.0,0.0,1.0,0.0,2.0,36,4.0,31.0,1.0,0.0
OK,northeastern oklahoma a&m college,"2,228",0.0,0.0,0.0,0.0,0.0,1,0.0,1.0,0.0,0.0
OK,northeastern state university tahlequah,"8,388",3.0,0.0,0.0,0.0,3.0,11,1.0,6.0,4.0,0.0
OK,northwestern oklahoma state university,"2,168",1.0,0.0,1.0,0.0,0.0,0,0.0,0.0,0.0,0.0
OK,oklahoma city community college,"16,315",1.0,0.0,0.0,1.0,0.0,9,0.0,9.0,0.0,0.0
OK,oklahoma city university,"2,912",0.0,0.0,0.0,0.0,0.0,26,8.0,18.0,0.0,0.0
OK,oklahoma panhandle state university,"1,675",1.0,0.0,0.0,0.0,1.0,1,0.0,1.0,0.0,0.0
OK,oklahoma state university,"27,223",10.0,0.0,5.0,1.0,4.0,127,18.0,105.0,4.0,0.0
OK,oklahoma state university okmulgee,"3,012",0.0,0.0,0.0,0.0,0.0,20,0.0,18.0,2.0,0.0
OK,oklahoma state university tulsa,"1,474",0.0,0.0,0.0,0.0,0.0,2,1.0,0.0,1.0,0.0
OK,rogers state university,"3,854",1.0,0.0,0.0,0.0,1.0,1,0.0,1.0,0.0,0.0
OK,seminole state college,"1,951",2.0,0.0,1.0,0.0,1.0,1,0.0,1.0,0.0,0.0
OK,southeastern oklahoma state university,"7,251",0.0,0.0,0.0,0.0,0.0,6,3.0,3.0,0.0,0.0
OK,southern nazarene university,"2,819",0.0,0.0,0.0,0.0,0.0,5,1.0,4.0,0.0,0.0
OK,southwestern oklahoma state university,"5,647",0.0,0.0,0.0,0.0,0.0,3,0.0,3.0,0.0,0.0
OK,tulsa community college,"20,199",1.0,0.0,0.0,0.0,1.0,18,1.0,16.0,1.0,1.0
OK,university of central oklahoma,"15,469",1.0,0.0,1.0,0.0,0.0,22,3.0,19.0,0.0,0.0
OK,university of oklahoma health sciences center,"3,452",4.0,0.0,1.0,1.0,2.0,95,2.0,84.0,9.0,1.0
OK,university of oklahoma norman,"31,604",2.0,0.0,1.0,0.0,1.0,224,11.0,182.0,31.0,0.0
OR,oregon state university,"39,950",1.0,0.0,0.0,1.0,0.0,288,13.0,267.0,8.0,2.0
OR,portland state university,"27,510",7.0,0.0,1.0,3.0,3.0,253,46.0,177.0,30.0,2.0
PA,albright university,"1,863",2.0,0.0,1.0,1.0,0.0,6,1.0,3.0,2.0,0.0
PA,allegheny college,"1,682",0.0,0.0,0.0,0.0,0.0,12,1.0,11.0,0.0,0.0
PA,allegheny county community college,"18,819",0.0,0.0,0.0,0.0,0.0,0,0.0,0.0,0.0,0.0
PA,bucknell university,"3,847",5.0,0.0,5.0,0.0,0.0,56,0.0,56.0,0.0,0.0
PA,butler county community college,"3,442",0.0,0.0,0.0,0.0,0.0,1,0.0,1.0,0.0,0.0
PA,california university,,0.0,0.0,0.0,0.0,0.0,5,0.0,5.0,0.0,0.0
PA,carlow university,"2,345",0.0,0.0,0.0,0.0,0.0,0,0.0,0.0,0.0,0.0
PA,chatham university,"2,786",0.0,0.0,0.0,0.0,0.0,0,0.0,0.0,0.0,0.0
PA,desales university,"3,988",0.0,0.0,0.0,0.0,0.0,0,0.0,0.0,0.0,0.0
PA,drexel university,"26,386",37.0,0.0,6.0,20.0,11.0,355,16.0,265.0,74.0,0.0
PA,duquesne university,"9,161",3.0,0.0,1.0,0.0,2.0,38,1.0,37.0,0.0,0.0
PA,east stroudsburg university,"5,853",4.0,0.0,0.0,1.0,3.0,46,0.0,46.0,0.0,1.0
PA,franklin and marshall college,"2,198",7.0,0.0,4.0,0.0,3.0,29,3.0,24.0,2.0,0.0
PA,gannon university,"5,202",0.0,0.0,0.0,0.0,0.0,12,1.0,11.0,0.0,0.0
PA,indiana university punxsutawney,,0.0,0.0,0.0,0.0,0.0,0,0.0,0.0,0.0,0.0
PA,juniata college,"1,398",0.0,0.0,0.0,0.0,0.0,3,0.0,3.0,0.0,0.0
PA,lackawanna college scranton,"4,239",0.0,0.0,0.0,0.0,0.0,0,0.0,0.0,0.0,0.0
PA,lafayette college,"2,762",0.0,0.0,0.0,0.0,0.0,35,9.0,25.0,1.0,0.0
PA,lehigh university,"7,696",5.0,0.0,2.0,1.0,2.0,71,5.0,66.0,0.0,0.0
PA,lincoln university,"2,051",7.0,0.0,1.0,0.0,6.0,12,4.0,8.0,0.0,0.0
PA,lock haven university,,2.0,0.0,2.0,0.0,0.0,13,3.0,9.0,1.0,0.0
PA,luzerne county community college,"6,306",0.0,0.0,0.0,0.0,0.0,0,0.0,0.0,0.0,0.0
PA,mansfield university,,0.0,0.0,0.0,0.0,0.0,4,0.0,4.0,0.0,0.0
PA,mercyhurst university,"3,520",2.0,0.0,1.0,0.0,1.0,17,0.0,17.0,0.0,0.0
PA,moravian college,"2,957",0.0,0.0,0.0,0.0,0.0,24,6.0,18.0,0.0,0.0
PA,mount aloysius university,"2,924",0.0,0.0,0.0,0.0,0.0,0,0.0,0.0,0.0,0.0
PA,pennsylvania college of technology,"4,516",5.0,0.0,2.0,2.0,1.0,50,3.0,46.0,1.0,0.0
PA,pennsylvania state university carlisle,,0.0,0.0,0.0,0.0,0.0,0,0.0,0.0,0.0,0.0
PA,pennsylvania state university fayette,559,0.0,0.0,0.0,0.0,0.0,0,0.0,0.0,0.0,0.0
PA,pennsylvania state university new kensington,597,0.0,0.0,0.0,0.0,0.0,2,0.0,2.0,0.0,0.0
PA,pennsylvania state university york,829,1.0,0.0,0.0,1.0,0.0,1,0.0,1.0,0.0,0.0
PA,point park university,"4,171",1.0,0.0,0.0,0.0,1.0,0,0.0,0.0,0.0,0.0
PA,robert morris university,"5,387",0.0,0.0,0.0,0.0,0.0,0,0.0,0.0,0.0,0.0
PA,saint francis university,"3,413",2.0,0.0,2.0,0.0,0.0,6,1.0,5.0,0.0,0.0
PA,temple university,"38,470",29.0,0.0,1.0,18.0,10.0,224,6.0,199.0,19.0,1.0
PA,thiel college,882,2.0,0.0,2.0,0.0,0.0,1,0.0,1.0,0.0,0.0
PA,university of pittsburgh bradford,"2,266",1.0,0.0,1.0,0.0,0.0,0,0.0,0.0,0.0,0.0
PA,university of pittsburgh greensburg,"1,475",0.0,0.0,0.0,0.0,0.0,5,1.0,4.0,0.0,0.0
PA,university of pittsburgh pittsburgh,"36,128",4.0,0.0,1.0,1.0,2.0,103,0.0,102.0,1.0,0.0
PA,university of scranton,"5,183",4.0,0.0,3.0,0.0,1.0,36,0.0,35.0,1.0,0.0
PA,villanova university,"12,034",11.0,0.0,9.0,0.0,2.0,57,5.0,52.0,0.0,0.0
PA,wilkes university,"7,263",1.0,0.0,1.0,0.0,0.0,11,0.0,11.0,0.0,0.0
RI,brown university,"11,151",0.0,0.0,0.0,0.0,0.0,93,7.0,62.0,24.0,0.0
RI,university of rhode island,"20,793",2.0,0.0,0.0,0.0,2.0,43,5.0,38.0,0.0,0.0
SC,clemson university,"30,368",7.0,0.0,1.0,0.0,6.0,146,8.0,120.0,18.0,1.0
SC,coastal carolina university,"11,562",10.0,0.0,8.0,0.0,2.0,90,3.0,84.0,3.0,0.0
SC,college of charleston,"12,549",1.0,0.0,1.0,0.0,0.0,35,4.0,30.0,1.0,0.0
SC,francis marion university,"4,501",5.0,0.0,3.0,0.0,2.0,10,2.0,8.0,0.0,0.0
SC,lander university,"4,369",3.0,0.0,2.0,0.0,1.0,20,1.0,19.0,0.0,0.0
SC,medical university of south carolina,"3,756",9.0,0.0,1.0,2.0,6.0,88,3.0,81.0,4.0,0.0
SC,university of south carolina beaufort,"2,474",0.0,0.0,0.0,0.0,0.0,8,0.0,8.0,0.0,0.0
SC,university of south carolina,"38,614",3.0,0.0,2.0,0.0,1.0,136,15.0,109.0,12.0,1.0
SC,university of south carolina upstate,"6,590",1.0,0.0,1.0,0.0,0.0,9,0.0,9.0,0.0,0.0
SC,winthrop university,"6,071",1.0,0.0,0.0,0.0,1.0,20,0.0,19.0,1.0,0.0
SC,york technical college,"5,548",0.0,0.0,0.0,0.0,0.0,0,0.0,0.0,0.0,0.0
SD,south dakota state university,"13,726",0.0,0.0,0.0,0.0,0.0,28,0.0,25.0,3.0,0.0
TN,east tennessee state university,"15,096",6.0,0.0,1.0,0.0,5.0,63,7.0,55.0,1.0,0.0
TN,middle tennessee state university,"28,573",3.0,0.0,2.0,1.0,0.0,66,0.0,65.0,1.0,0.0
TN,tennessee state university,"8,976",1.0,0.0,0.0,0.0,1.0,29,4.0,24.0,1.0,0.0
TN,tennessee technological university,"10,804",1.0,0.0,1.0,0.0,0.0,36,1.0,33.0,2.0,0.0
TN,university of memphis,"25,394",13.0,0.0,2.0,3.0,8.0,183,7.0,104.0,72.0,0.0
TN,university of tennessee chattanooga,"12,384",1.0,0.0,0.0,1.0,0.0,102,6.0,93.0,3.0,1.0
TN,university of tennessee knoxville,"34,640",4.0,0.0,2.0,0.0,2.0,93,15.0,71.0,7.0,0.0
TN,university of tennessee martin,"7,803",3.0,0.0,2.0,0.0,1.0,22,1.0,20.0,1.0,0.0
TN,university of south,"1,954",1.0,0.0,1.0,0.0,0.0,21,5.0,15.0,1.0,0.0
TN,vanderbilt university,"14,770",22.0,0.0,7.0,4.0,11.0,384,7.0,333.0,44.0,0.0
TX,alvin community college,"7,327",0.0,0.0,0.0,0.0,0.0,0,0.0,0.0,0.0,0.0
TX,angelo state university,"12,438",1.0,0.0,1.0,0.0,0.0,26,0.0,24.0,2.0,0.0
TX,austin college,"1,242",0.0,0.0,0.0,0.0,0.0,0,0.0,0.0,0.0,0.0
TX,austin community college district,"56,531",0.0,0.0,0.0,0.0,0.0,71,6.0,57.0,8.0,1.0
TX,baylor health care system,,7.0,0.0,3.0,3.0,1.0,332,8.0,287.0,37.0,0.0
TX,brazosport college,"5,599",0.0,0.0,0.0,0.0,0.0,1,0.0,0.0,1.0,0.0
TX,central texas college,"16,868",0.0,0.0,0.0,0.0,0.0,9,2.0,7.0,0.0,0.0
TX,cisco college,"4,101",0.0,0.0,0.0,0.0,0.0,0,0.0,0.0,0.0,0.0
TX,collin county community college district,"48,588",1.0,0.0,1.0,0.0,0.0,7,1.0,6.0,0.0,0.0
TX,concordia university,"2,657",0.0,0.0,0.0,0.0,0.0,1,1.0,0.0,0.0,0.0
TX,dallas college,"102,680",0.0,0.0,0.0,0.0,0.0,0,0.0,0.0,0.0,0.0
TX,el paso community college,"32,410",0.0,0.0,0.0,0.0,0.0,10,0.0,10.0,0.0,0.0
TX,grayson college,"4,541",1.0,0.0,0.0,0.0,1.0,0,0.0,0.0,0.0,0.0
TX,hardin simmons university,"2,067",2.0,0.0,2.0,0.0,0.0,20,0.0,19.0,1.0,0.0
TX,houston community college,"67,107",5.0,0.0,1.0,0.0,4.0,60,0.0,47.0,13.0,0.0
TX,kilgore college,"6,799",0.0,0.0,0.0,0.0,0.0,6,3.0,3.0,0.0,0.0
TX,lamar university beaumont,"22,229",7.0,0.0,5.0,0.0,2.0,33,8.0,24.0,1.0,0.0
TX,lone star college system district,"102,966",0.0,0.0,0.0,0.0,0.0,45,7.0,33.0,5.0,0.0
TX,lubbock christian university,"1,829",0.0,0.0,0.0,0.0,0.0,3,0.0,3.0,0.0,0.0
TX,mclennan community college,"11,299",0.0,0.0,0.0,0.0,0.0,1,1.0,0.0,0.0,0.0
TX,midwestern state university,"6,707",2.0,0.0,1.0,0.0,1.0,16,2.0,14.0,0.0,0.0
TX,navarro college,"8,319",2.0,0.0,2.0,0.0,0.0,15,1.0,14.0,0.0,0.0
TX,odessa college,"11,358",0.0,0.0,0.0,0.0,0.0,2,0.0,2.0,0.0,0.0
TX,panola college,"3,634",0.0,0.0,0.0,0.0,0.0,1,0.0,1.0,0.0,0.0
TX,paris junior college,"6,246",0.0,0.0,0.0,0.0,0.0,2,0.0,2.0,0.0,0.0
TX,prairie view a&m university,"10,246",10.0,1.0,7.0,0.0,2.0,75,11.0,53.0,11.0,2.0
TX,rice university,"8,782",1.0,0.0,0.0,1.0,0.0,212,12.0,125.0,75.0,0.0
TX,sam houston state university,"24,043",4.0,0.0,4.0,0.0,0.0,88,14.0,68.0,6.0,0.0
TX,san jacinto college central campus,"41,689",0.0,0.0,0.0,0.0,0.0,25,0.0,25.0,0.0,0.0
TX,southern methodist university,"13,610",1.0,0.0,0.0,1.0,0.0,182,21.0,141.0,20.0,1.0
TX,south plains college,"12,020",0.0,0.0,0.0,0.0,0.0,0,0.0,0.0,0.0,0.0
TX,southwestern christian college,112,0.0,0.0,0.0,0.0,0.0,0,0.0,0.0,0.0,0.0
TX,southwestern university,"1,543",0.0,0.0,0.0,0.0,0.0,21,4.0,17.0,0.0,0.0
TX,saint edwards university,"3,908",0.0,0.0,0.0,0.0,0.0,0,0.0,0.0,0.0,0.0
TX,stephen f austin state university,"13,470",2.0,0.0,2.0,0.0,0.0,42,2.0,39.0,1.0,0.0
TX,st marys university,"3,646",3.0,0.0,2.0,0.0,1.0,48,5.0,35.0,8.0,0.0
TX,sul ross state university,"2,560",3.0,0.0,2.0,0.0,1.0,10,8.0,2.0,0.0,0.0
TX,tarleton state university,"16,049",5.0,0.0,5.0,0.0,0.0,39,2.0,36.0,1.0,0.0
TX,texas a&m international university,"10,080",0.0,0.0,0.0,0.0,0.0,1,1.0,0.0,0.0,0.0
TX,texas a&m university college station,"77,096",11.0,0.0,6.0,1.0,4.0,426,14.0,311.0,101.0,1.0
TX,texas a&m university commerce,"14,124",2.0,0.0,2.0,0.0,0.0,53,5.0,48.0,0.0,0.0
TX,texas a&m university galveston,,0.0,0.0,0.0,0.0,0.0,0,0.0,0.0,0.0,0.0
TX,texas a&m university san antonio,"8,127",1.0,0.0,1.0,0.0,0.0,7,1.0,6.0,0.0,0.0
TX,texas christian university,"12,513",5.0,0.0,5.0,0.0,0.0,54,6.0,46.0,2.0,0.0
TX,texas state technical college harlingen,,0.0,0.0,0.0,0.0,0.0,4,1.0,3.0,0.0,0.0
TX,texas state technical college sweetwater,,0.0,0.0,0.0,0.0,0.0,1,0.0,1.0,0.0,0.0
TX,texas state technical college waco,"13,539",0.0,0.0,0.0,0.0,0.0,31,4.0,22.0,5.0,1.0
TX,texas state university,"41,900",26.0,0.0,10.0,10.0,6.0,168,29.0,133.0,6.0,2.0
TX,texas tech university lubbock,"43,709",20.0,0.0,3.0,1.0,16.0,225,9.0,168.0,48.0,0.0
TX,texas womans university,"20,212",4.0,0.0,2.0,0.0,2.0,20,0.0,19.0,1.0,0.0
TX,trinity valley community college,"7,732",1.0,0.0,1.0,0.0,0.0,1,0.0,1.0,0.0,0.0
TX,tyler junior college,"15,974",4.0,0.0,1.0,0.0,3.0,27,2.0,25.0,0.0,0.0
TX,university of houston clearlake,"11,375",1.0,0.0,0.0,0.0,1.0,22,0.0,22.0,0.0,0.0
TX,university of houston downtown campus,"18,523",1.0,0.0,0.0,0.0,1.0,17,0.0,16.0,1.0,0.0
TX,university of north texas denton,"49,386",9.0,0.0,9.0,0.0,0.0,196,13.0,172.0,11.0,0.0
TX,university of north texas health science center,"2,657",0.0,0.0,0.0,0.0,0.0,4,0.0,4.0,0.0,0.0
TX,university of saint thomas,"4,329",2.0,0.0,0.0,1.0,1.0,20,0.0,20.0,0.0,1.0
TX,university of texas arlington,"56,971",5.0,0.0,3.0,0.0,2.0,150,15.0,131.0,4.0,0.0
TX,university of texas austin,"55,143",14.0,0.0,3.0,5.0,6.0,558,19.0,518.0,21.0,3.0
TX,university of texas dallas,"32,827",2.0,0.0,0.0,0.0,2.0,82,0.0,78.0,4.0,0.0
TX,university of texas el paso,"28,582",1.0,0.0,0.0,0.0,1.0,62,12.0,44.0,6.0,1.0
TX,university of texas health science center san antonio,"4,127",0.0,0.0,0.0,0.0,0.0,46,6.0,39.0,1.0,0.0
TX,university of texas houston,"7,334",6.0,0.0,0.0,0.0,6.0,247,15.0,215.0,17.0,0.0
TX,university of texas medical branch,"4,917",3.0,0.0,1.0,1.0,1.0,63,2.0,60.0,1.0,0.0
TX,university of texas permian basin,"6,932",2.0,0.0,1.0,0.0,1.0,19,5.0,8.0,6.0,0.0
TX,university of texas rio grande valley,"44,498",2.0,0.0,2.0,0.0,0.0,59,1.0,57.0,1.0,0.0
TX,university of texas san antonio,"38,907",6.0,0.0,3.0,0.0,3.0,159,3.0,139.0,17.0,0.0
TX,university of texas southwestern medical school,"2,588",4.0,0.0,1.0,0.0,3.0,218,1.0,192.0,25.0,1.0
TX,university of texas tyler,"11,703",1.0,0.0,0.0,0.0,1.0,22,1.0,21.0,0.0,0.0
TX,west texas a&m university,"10,993",0.0,0.0,0.0,0.0,0.0,23,2.0,21.0,0.0,0.0
UT,brigham young university,"39,321",2.0,0.0,1.0,0.0,1.0,109,2.0,106.0,1.0,0.0
UT,dixie state university,"14,408",0.0,0.0,0.0,0.0,0.0,19,1.0,17.0,1.0,0.0
UT,southern utah university,"19,907",1.0,0.0,1.0,0.0,0.0,29,1.0,26.0,2.0,0.0
UT,university of utah,"40,039",13.0,0.0,6.0,2.0,5.0,278,23.0,242.0,13.0,0.0
UT,utah state university logan,"32,943",3.0,0.0,1.0,0.0,2.0,40,1.0,38.0,1.0,0.0
UT,utah valley university,"53,853",0.0,0.0,0.0,0.0,0.0,29,1.0,28.0,0.0,1.0
VT,university of vermont,"15,878",2.0,0.0,1.0,0.0,1.0,113,0.0,112.0,1.0,0.0
VA,christopher newport university,"4,771",8.0,0.0,5.0,1.0,2.0,61,2.0,56.0,3.0,0.0
VA,william&mary,"10,550",1.0,0.0,1.0,0.0,0.0,75,0.0,75.0,0.0,0.0
VA,eastern virginia medical school,"1,445",1.0,0.0,0.0,0.0,1.0,39,0.0,39.0,0.0,0.0
VA,emory&henry college,"1,534",0.0,0.0,0.0,0.0,0.0,2,0.0,2.0,0.0,0.0
VA,george mason university,"46,892",7.0,0.0,2.0,1.0,4.0,92,1.0,90.0,1.0,0.0
VA,james madison university,"24,028",8.0,0.0,3.0,0.0,5.0,103,2.0,88.0,13.0,2.0
VA,laurel ridge community college,"7,611",0.0,0.0,0.0,0.0,0.0,0,0.0,0.0,0.0,0.0
VA,norfolk state university,"6,011",4.0,0.0,3.0,0.0,1.0,40,1.0,36.0,3.0,0.0
VA,northern virginia community college,"69,149",0.0,0.0,0.0,0.0,0.0,24,1.0,23.0,0.0,1.0
VA,old dominion university,"27,417",41.0,0.0,4.0,2.0,35.0,199,14.0,175.0,10.0,1.0
VA,radford university,"9,982",4.0,0.0,2.0,0.0,2.0,27,0.0,26.0,1.0,0.0
VA,southwest virginia community college,"2,854",0.0,0.0,0.0,0.0,0.0,0,0.0,0.0,0.0,0.0
VA,university of mary washington,"4,385",0.0,0.0,0.0,0.0,0.0,20,0.0,20.0,0.0,0.0
VA,university of richmond,"4,412",1.0,0.0,1.0,0.0,0.0,43,3.0,39.0,1.0,0.0
VA,university of virginia,"28,973",8.0,1.0,3.0,2.0,2.0,314,3.0,236.0,75.0,2.0
VA,virginia commonwealth university,"31,390",15.0,0.0,0.0,5.0,10.0,329,5.0,309.0,15.0,2.0
VA,virginia highlands community college,"3,071",0.0,0.0,0.0,0.0,0.0,0,0.0,0.0,0.0,0.0
VA,virginia polytechnic institute and state university,"39,462",11.0,0.0,6.0,1.0,4.0,299,15.0,280.0,4.0,2.0
WA,eastern washington university,"16,041",1.0,0.0,0.0,0.0,1.0,32,10.0,20.0,2.0,0.0
WA,university of washington,"57,530",12.0,0.0,1.0,4.0,7.0,806,81.0,621.0,104.0,2.0
WA,washington state university pullman,"33,249",8.0,0.0,5.0,1.0,2.0,88,15.0,71.0,2.0,0.0
WA,washington state university vancouver,,0.0,0.0,0.0,0.0,0.0,2,0.0,2.0,0.0,0.0
WA,western washington university,"16,754",6.0,0.0,4.0,1.0,1.0,87,7.0,64.0,16.0,2.0
WV,bridge valley technical college,,0.0,0.0,0.0,0.0,0.0,0,0.0,0.0,0.0,0.0
WV,marshall university,"12,515",10.0,0.0,2.0,0.0,8.0,66,14.0,52.0,0.0,0.0
WV,shepherd university,"4,855",0.0,0.0,0.0,0.0,0.0,4,0.0,4.0,0.0,0.0
WI,marquette university,"12,136",58.0,0.0,6.0,17.0,35.0,467,51.0,295.0,121.0,1.0
WI,university of wisconsin eau claire,"11,504",4.0,0.0,4.0,0.0,0.0,33,0.0,33.0,0.0,0.0
WI,university of wisconsin green bay,"11,918",0.0,0.0,0.0,0.0,0.0,12,1.0,11.0,0.0,0.0
WI,university of wisconsin madison,"51,296",7.0,0.0,1.0,0.0,6.0,273,10.0,262.0,1.0,1.0
WI,university of wisconsin milwaukee,"27,575",4.0,0.0,2.0,1.0,1.0,48,14.0,30.0,4.0,0.0
WI,university of wisconsin oshkosh,"16,301",4.0,0.0,3.0,0.0,1.0,40,2.0,37.0,1.0,0.0
WI,university of wisconsin platteville,"7,619",0.0,0.0,0.0,0.0,0.0,22,2.0,20.0,0.0,1.0
WI,university of wisconsin river falls,"6,138",0.0,0.0,0.0,0.0,0.0,16,0.0,16.0,0.0,0.0
WI,university of wisconsin stevens point,"9,129",3.0,0.0,3.0,0.0,0.0,54,1.0,53.0,0.0,1.0
WI,university of wisconsin superior,"3,251",0.0,0.0,0.0,0.0,0.0,10,2.0,8.0,0.0,0.0
WI,university of wisconsin whitewater,"13,327",6.0,0.0,5.0,0.0,1.0,22,0.0,22.0,0.0,0.0
WY,university of wyoming,"12,873",0.0,0.0,0.0,0.0,0.0,69,7.0,59.0,3.0,0.0
